{"grad_norm": {"correlation": 0.20060882941442132, "pvalue": 0.5784061446498445}, "snip": {"correlation": 0.13981827504641486, "pvalue": 0.7000568732769904}, "synflow": {"correlation": 0.006079055436800647, "pvalue": 0.9867025576451145}, "fisher": {"correlation": 0.20668788485122197, "pvalue": [0.20668788485122197, 0.5666951380068741]}}