{"grad_norm": {"correlation": 0.06692658982685754, "pvalue": 0.7731635917426359}, "snip": {"correlation": 0.0818713623124665, "pvalue": 0.7242374371450475}, "synflow": {"correlation": -0.2995452224289449, "pvalue": 0.18711258265217914}, "fisher": {"correlation": 0.021442499653265036, "pvalue": [0.021442499653265036, 0.9264953255920334]}, "grasp": {"correlation": -0.10266408924896592, "pvalue": [-0.10266408924896592, 0.6578878609674097]}, "flops": {"correlation": 0.3554256760707871, "pvalue": [0.3554256760707871, 0.11384001785884273]}, "params": {"correlation": 0.3463288580360686, "pvalue": [0.3463288580360686, 0.12406210915659259]}}