{"('flops', 'params', 'grasp')": 0.5561097256857855, "('flops', 'params')": 0.5536159600997507, "('jacobian', 'flops', 'params')": 0.543640897755611, "('flops', 'params', 'grad_norm')": 0.543640897755611, "('snip', 'flops', 'params')": 0.5411471321695761, "('flops', 'params', 'fisher')": 0.5386533665835411, "('flops', 'params', 'grasp', 'grad_norm')": 0.5374064837905237, "('synflow', 'flops', 'params')": 0.5361596009975063, "('snip', 'flops', 'params', 'grasp')": 0.5361596009975063, "('flops', 'params', 'fisher', 'grasp')": 0.529925187032419, "('params', 'grasp', 'grad_norm')": 0.5286783042394015, "('snip', 'flops', 'params', 'grasp', 'grad_norm')": 0.5286783042394015, "('params', 'grasp')": 0.5261845386533666, "('snip', 'params', 'grasp')": 0.5261845386533666, "('jacobian', 'flops', 'params', 'grasp')": 0.5236907730673317, "('snip', 'jacobian', 'flops', 'params', 'grasp')": 0.5236907730673317, "('flops', 'grasp')": 0.5211970074812967, "('snip', 'flops', 'grasp')": 0.5211970074812967, "('flops', 'grasp', 'grad_norm')": 0.5211970074812967, "('jacobian', 'flops', 'params', 'grasp', 'grad_norm')": 0.5211970074812967, "('flops', 'params', 'fisher', 'grasp', 'grad_norm')": 0.5211970074812967, "('snip', 'params')": 0.5199501246882793, "('snip', 'jacobian', 'flops', 'params')": 0.5199501246882793, "('jacobian', 'flops', 'params', 'grad_norm')": 0.5199501246882793, "('synflow', 'flops', 'params', 'grasp', 'grad_norm')": 0.5187032418952618, "('jacobian', 'flops', 'params', 'fisher')": 0.5174563591022444, "('snip', 'flops', 'params', 'grad_norm')": 0.516209476309227, "('synflow', 'snip', 'flops', 'params', 'grasp')": 0.516209476309227, "('jacobian', 'flops', 'params', 'fisher', 'grasp')": 0.516209476309227, "('snip', 'flops')": 0.5149625935162094, "('params', 'fisher', 'grasp')": 0.513715710723192, "('snip', 'flops', 'params', 'fisher', 'grasp')": 0.513715710723192, "('params', 'grad_norm')": 0.5112219451371571, "('flops', 'fisher', 'grasp')": 0.5112219451371571, "('synflow', 'flops', 'params', 'fisher', 'grasp')": 0.5112219451371571, "('snip', 'flops', 'params', 'fisher')": 0.5099750623441397, "('jacobian', 'params')": 0.5087281795511222, "('params', 'fisher')": 0.5074812967581047, "('flops', 'params', 'fisher', 'grad_norm')": 0.5074812967581047, "('snip', 'jacobian', 'flops', 'params', 'grasp', 'grad_norm')": 0.5074812967581047, "('flops', 'grad_norm')": 0.5062344139650873, "('snip', 'jacobian', 'flops', 'params', 'grad_norm')": 0.5062344139650873, "('jacobian', 'flops', 'params', 'fisher', 'grasp', 'grad_norm')": 0.5049875311720698, "('jacobian', 'flops')": 0.5037406483790524, "('jacobian', 'flops', 'params', 'fisher', 'grad_norm')": 0.5037406483790524, "('flops', 'fisher')": 0.5024937655860349, "('synflow', 'snip', 'flops', 'params')": 0.5024937655860349, "('synflow', 'flops', 'params', 'grasp')": 0.5024937655860349, "('snip', 'params', 'grasp', 'grad_norm')": 0.5024937655860349, "('snip', 'jacobian', 'flops', 'params', 'fisher', 'grasp')": 0.5024937655860349, "('snip', 'jacobian', 'params')": 0.49875311720698257, "('jacobian', 'params', 'grasp')": 0.49875311720698257, "('jacobian', 'params', 'grad_norm')": 0.49875311720698257, "('snip', 'flops', 'grasp', 'grad_norm')": 0.49875311720698257, "('synflow', 'snip', 'jacobian', 'flops', 'params')": 0.49875311720698257, "('snip', 'flops', 'params', 'fisher', 'grasp', 'grad_norm')": 0.49875311720698257, "('snip', 'params', 'fisher', 'grasp')": 0.4975062344139651, "('jacobian', 'params', 'grasp', 'grad_norm')": 0.4975062344139651, "('snip', 'jacobian', 'flops')": 0.49625935162094764, "('jacobian', 'flops', 'grasp')": 0.49625935162094764, "('snip', 'jacobian', 'params', 'grasp')": 0.49625935162094764, "('snip', 'flops', 'fisher', 'grasp')": 0.49501246882793015, "('jacobian', 'flops', 'fisher')": 0.4937655860349127, "('jacobian', 'flops', 'grad_norm')": 0.4937655860349127, "('jacobian', 'params', 'fisher')": 0.4937655860349127, "('snip', 'jacobian', 'flops', 'grasp')": 0.4937655860349127, "('jacobian', 'flops', 'grasp', 'grad_norm')": 0.4937655860349127, "('snip', 'jacobian', 'flops', 'params', 'fisher')": 0.4937655860349127, "('synflow', 'snip', 'flops', 'params', 'grasp', 'grad_norm')": 0.4937655860349127, "('synflow', 'snip', 'jacobian', 'flops', 'params', 'grasp', 'grad_norm')": 0.4937655860349127, "('synflow', 'jacobian', 'flops', 'params')": 0.4925187032418953, "('synflow', 'flops', 'params', 'grad_norm')": 0.4925187032418953, "('jacobian', 'params', 'fisher', 'grasp')": 0.4925187032418953, "('snip', 'params', 'grad_norm')": 0.4912718204488778, "('jacobian', 'flops', 'fisher', 'grasp')": 0.4912718204488778, "('params', 'fisher', 'grasp', 'grad_norm')": 0.4912718204488778, "('synflow', 'jacobian', 'flops', 'params', 'fisher')": 0.4912718204488778, "('synflow', 'jacobian', 'flops', 'params', 'grad_norm')": 0.4912718204488778, "('snip', 'jacobian', 'flops', 'params', 'fisher', 'grad_norm')": 0.4912718204488778, "('synflow', 'flops', 'params', 'fisher')": 0.49002493765586036, "('snip', 'flops', 'grad_norm')": 0.48877805486284287, "('snip', 'jacobian', 'params', 'grad_norm')": 0.48877805486284287, "('snip', 'flops', 'params', 'fisher', 'grad_norm')": 0.48877805486284287, "('synflow', 'snip', 'jacobian', 'flops', 'params', 'fisher', 'grasp')": 0.48877805486284287, "('snip', 'grasp')": 0.48753117206982544, "('snip', 'jacobian', 'params', 'fisher')": 0.48753117206982544, "('flops', 'fisher', 'grasp', 'grad_norm')": 0.48753117206982544, "('synflow', 'snip', 'jacobian', 'flops', 'params', 'grasp')": 0.48753117206982544, "('synflow', 'snip', 'flops', 'params', 'fisher', 'grasp')": 0.48753117206982544, "('snip', 'jacobian', 'flops', 'fisher')": 0.486284289276808, "('snip', 'jacobian', 'flops', 'grad_norm')": 0.486284289276808, "('synflow', 'jacobian', 'flops', 'params', 'fisher', 'grasp', 'grad_norm')": 0.486284289276808, "('snip', 'jacobian', 'flops', 'params', 'fisher', 'grasp', 'grad_norm')": 0.486284289276808, "('synflow', 'jacobian', 'flops', 'params', 'grasp', 'grad_norm')": 0.4850374064837905, "('snip', 'jacobian', 'flops', 'fisher', 'grasp')": 0.4837905236907731, "('snip', 'jacobian', 'params', 'fisher', 'grasp')": 0.4837905236907731, "('snip', 'jacobian', 'params', 'grasp', 'grad_norm')": 0.4837905236907731, "('jacobian', 'flops', 'fisher', 'grasp', 'grad_norm')": 0.4837905236907731, "('jacobian', 'params', 'fisher', 'grasp', 'grad_norm')": 0.4837905236907731, "('snip', 'params', 'fisher')": 0.48129675810473815, "('synflow', 'jacobian', 'flops', 'params', 'grasp')": 0.48129675810473815, "('snip', 'jacobian', 'flops', 'grasp', 'grad_norm')": 0.48129675810473815, "('synflow', 'jacobian', 'flops', 'params', 'fisher', 'grasp')": 0.48129675810473815, "('synflow', 'flops', 'params', 'fisher', 'grasp', 'grad_norm')": 0.48129675810473815, "('grasp', 'grad_norm')": 0.47880299251870323, "('snip', 'flops', 'fisher')": 0.47880299251870323, "('snip', 'params', 'fisher', 'grad_norm')": 0.47880299251870323, "('jacobian', 'params', 'fisher', 'grad_norm')": 0.47880299251870323, "('synflow', 'snip', 'flops', 'params', 'grad_norm')": 0.47880299251870323, "('snip', 'jacobian', 'params', 'fisher', 'grad_norm')": 0.47880299251870323, "('synflow', 'snip', 'jacobian', 'flops', 'params', 'grad_norm')": 0.47880299251870323, "('snip', 'jacobian', 'params', 'fisher', 'grasp', 'grad_norm')": 0.4775561097256858, "('jacobian', 'grasp')": 0.4763092269326683, "('snip', 'jacobian', 'fisher')": 0.4763092269326683, "('params', 'fisher', 'grad_norm')": 0.4763092269326683, "('snip', 'flops', 'fisher', 'grad_norm')": 0.4763092269326683, "('jacobian', 'flops', 'fisher', 'grad_norm')": 0.4763092269326683, "('snip', 'jacobian', 'flops', 'fisher', 'grad_norm')": 0.4763092269326683, "('snip', 'jacobian', 'flops', 'fisher', 'grasp', 'grad_norm')": 0.4763092269326683, "('fisher', 'grasp')": 0.47506234413965087, "('synflow', 'snip', 'jacobian', 'flops', 'params', 'fisher')": 0.47506234413965087, "('snip', 'grad_norm')": 0.47256857855361595,